Week,Market,Site,RRC_SR_pct,ERAB_SR_pct,DCR_pct,DL_Throughput_Mbps,Congestion_pct,CQx_Score,CQx_Status
2026-05-04,Anchorage,ANC-001,96.05,94.14,4.88,42.5,42.45,78.95,Green
2026-05-11,Anchorage,ANC-001,98.07,95.53,2.41,71.29,62.59,82.91,Green
2026-05-18,Anchorage,ANC-001,97.67,93.68,2.73,26.18,49.23,75.28,Green
2026-05-25,Anchorage,ANC-001,96.78,94.81,2.5,65.32,71.48,79.86,Green
2026-06-01,Anchorage,ANC-001,94.99,96.95,5.12,50.56,56.64,78.83,Green
2026-06-08,Anchorage,ANC-001,95.78,95.69,2.77,78.99,59.79,84.28,Green
2026-06-15,Anchorage,ANC-001,95.73,94.13,2.68,39.93,61.97,75.76,Green
2026-06-22,Anchorage,ANC-001,95.26,96.9,3.16,87.07,66.09,85.07,Green
2026-06-29,Anchorage,ANC-001,97.72,96.02,4.31,55.78,46.19,82.01,Green
2026-07-06,Anchorage,ANC-001,98.0,96.79,5.1,42.28,39.54,80.46,Green
2026-07-13,Anchorage,ANC-001,95.81,96.81,2.98,38.69,58.71,76.64,Green
2026-07-20,Anchorage,ANC-001,96.19,95.33,3.05,63.69,76.85,78.63,Green
2026-07-27,Anchorage,ANC-001,96.39,92.83,2.48,80.54,75.26,81.75,Green
2026-08-03,Anchorage,ANC-001,98.75,94.74,2.99,67.0,57.22,82.74,Green
2026-05-04,Anchorage,ANC-002,99.55,93.6,0.24,72.35,8.7,91.42,Green
2026-05-11,Anchorage,ANC-002,97.49,96.13,3.88,91.07,9.61,94.59,Green
2026-05-18,Anchorage,ANC-002,98.4,95.44,0.1,85.26,37.08,89.93,Green
2026-05-25,Anchorage,ANC-002,96.21,96.15,1.4,87.08,6.04,94.39,Green
2026-06-01,Anchorage,ANC-002,98.98,93.61,0.73,85.88,0.0,95.21,Green
2026-06-08,Anchorage,ANC-002,98.57,96.76,2.31,89.03,33.03,91.34,Green
2026-06-15,Anchorage,ANC-002,97.02,94.28,3.86,68.86,45.24,84.23,Green
2026-06-22,Anchorage,ANC-002,97.84,97.6,1.4,51.64,32.62,84.08,Green
2026-06-29,Anchorage,ANC-002,97.31,94.63,4.86,91.53,42.24,89.23,Green
2026-07-06,Anchorage,ANC-002,96.74,95.43,0.92,51.08,4.46,87.45,Green
2026-07-13,Anchorage,ANC-002,96.49,93.02,3.06,60.45,34.08,83.9,Green
2026-07-20,Anchorage,ANC-002,97.04,96.46,0.84,65.67,0.32,91.33,Green
2026-07-27,Anchorage,ANC-002,98.68,96.37,0.74,71.61,11.28,91.28,Green
2026-08-03,Anchorage,ANC-002,97.36,96.23,1.1,93.82,34.84,91.77,Green
2026-05-04,Anchorage,ANC-003,98.78,98.92,2.78,117.86,34.52,93.83,Green
2026-05-11,Anchorage,ANC-003,96.91,95.35,2.21,104.42,40.52,91.65,Green
2026-05-18,Anchorage,ANC-003,98.51,99.07,1.68,97.3,53.58,90.57,Green
2026-05-25,Anchorage,ANC-003,99.14,96.89,3.5,103.7,21.73,95.22,Green
2026-06-01,Anchorage,ANC-003,95.89,95.27,3.93,101.22,46.56,90.22,Green
2026-06-08,Anchorage,ANC-003,96.55,97.53,1.25,100.23,54.92,90.09,Green
2026-06-15,Anchorage,ANC-003,97.92,94.82,0.3,104.02,67.94,87.95,Green
2026-06-22,Anchorage,ANC-003,99.18,99.51,3.74,103.85,27.66,94.96,Green
2026-06-29,Anchorage,ANC-003,96.69,98.57,1.17,101.5,24.75,94.93,Green
2026-07-06,Anchorage,ANC-003,95.97,98.36,1.41,94.5,25.92,93.38,Green
2026-07-13,Anchorage,ANC-003,98.7,99.68,3.03,73.57,57.99,85.16,Green
2026-07-20,Anchorage,ANC-003,97.27,94.49,4.36,97.23,39.03,90.88,Green
2026-07-27,Anchorage,ANC-003,96.74,99.34,0.23,88.51,52.48,88.81,Green
2026-08-03,Anchorage,ANC-003,96.5,97.27,2.48,67.06,26.82,87.46,Green
2026-05-04,Anchorage,ANC-004,97.55,98.8,2.27,38.01,53.17,78.37,Green
2026-05-11,Anchorage,ANC-004,97.39,98.77,0.96,19.83,68.35,72.61,Yellow
2026-05-18,Anchorage,ANC-004,98.17,98.79,2.25,34.44,82.05,73.48,Yellow
2026-05-25,Anchorage,ANC-004,97.98,98.84,1.57,19.1,59.04,73.93,Yellow
2026-06-01,Anchorage,ANC-004,97.33,98.26,1.7,23.3,70.91,72.66,Yellow
2026-06-08,Anchorage,ANC-004,97.9,98.89,2.66,32.57,50.52,77.73,Green
2026-06-15,Anchorage,ANC-004,98.12,99.14,1.53,30.43,50.41,77.61,Green
2026-06-22,Anchorage,ANC-004,97.11,99.32,2.85,20.76,61.92,73.54,Yellow
2026-06-29,Anchorage,ANC-004,97.36,98.68,1.73,25.04,57.8,75.09,Green
2026-07-06,Anchorage,ANC-004,97.3,99.02,1.97,30.04,50.15,77.27,Green
2026-07-13,Anchorage,ANC-004,97.39,99.24,2.22,24.13,58.21,74.92,Yellow
2026-07-20,Anchorage,ANC-004,97.85,98.15,2.24,26.65,61.98,74.7,Yellow
2026-07-27,Anchorage,ANC-004,97.32,98.09,1.26,32.33,59.49,76.21,Green
2026-08-03,Anchorage,ANC-004,97.27,99.19,1.25,31.42,47.73,78.05,Green
2026-05-04,Anchorage,ANC-005,99.08,96.4,1.58,27.39,13.04,82.15,Green
2026-05-11,Anchorage,ANC-005,99.23,95.54,0.85,41.04,7.18,85.7,Green
2026-05-18,Anchorage,ANC-005,98.85,96.38,1.25,35.18,18.14,82.94,Green
2026-05-25,Anchorage,ANC-005,98.81,96.81,1.02,32.52,5.34,84.46,Green
2026-06-01,Anchorage,ANC-005,98.86,96.47,1.34,53.03,15.77,86.87,Green
2026-06-08,Anchorage,ANC-005,98.61,97.2,1.03,20.12,0.74,82.71,Green
2026-06-15,Anchorage,ANC-005,98.07,96.5,1.22,49.84,11.42,86.71,Green
2026-06-22,Anchorage,ANC-005,98.65,97.03,0.21,38.31,14.97,84.3,Green
2026-06-29,Anchorage,ANC-005,98.21,97.17,1.36,33.1,13.86,83.18,Green
2026-07-06,Anchorage,ANC-005,99.52,96.74,1.32,32.75,2.0,85.12,Green
2026-07-13,Anchorage,ANC-005,99.02,96.27,1.24,32.6,12.63,83.26,Green
2026-07-20,Anchorage,ANC-005,98.84,97.12,0.98,34.27,0.97,85.55,Green
2026-07-27,Anchorage,ANC-005,98.57,96.83,1.55,29.05,15.76,82.06,Green
2026-08-03,Anchorage,ANC-005,99.2,96.84,2.05,30.23,0.0,84.75,Green
2026-05-04,Anchorage,ANC-006,98.02,98.72,2.98,60.11,33.6,85.72,Green
2026-05-11,Anchorage,ANC-006,98.17,99.44,1.98,52.75,36.49,84.18,Green
2026-05-18,Anchorage,ANC-006,98.58,99.83,2.59,54.98,24.8,86.49,Green
2026-05-25,Anchorage,ANC-006,97.87,99.25,2.37,45.53,44.96,81.29,Green
2026-06-01,Anchorage,ANC-006,97.86,99.03,1.42,45.83,39.31,82.28,Green
2026-06-08,Anchorage,ANC-006,97.94,98.64,1.29,56.39,46.07,83.32,Green
2026-06-15,Anchorage,ANC-006,97.83,98.55,1.76,56.89,11.15,88.54,Green
2026-06-22,Anchorage,ANC-006,97.9,99.12,2.19,73.86,41.73,87.44,Green
2026-06-29,Anchorage,ANC-006,97.82,98.73,3.03,59.55,32.83,85.67,Green
2026-07-06,Anchorage,ANC-006,97.91,99.31,1.81,54.48,28.35,85.68,Green
2026-07-13,Anchorage,ANC-006,97.91,98.98,1.55,59.92,30.68,86.37,Green
2026-07-20,Anchorage,ANC-006,98.44,98.03,2.37,69.04,16.13,90.15,Green
2026-07-27,Anchorage,ANC-006,97.8,99.06,1.24,52.85,23.84,86.02,Green
2026-08-03,Anchorage,ANC-006,98.53,99.65,2.45,64.85,23.69,88.59,Green
2026-05-04,Anchorage,ANC-007,97.46,96.64,2.78,43.73,41.28,80.66,Green
2026-05-11,Anchorage,ANC-007,97.95,96.33,2.74,44.92,41.69,80.89,Green
2026-05-18,Anchorage,ANC-007,97.66,96.25,2.88,38.7,39.98,79.79,Green
2026-05-25,Anchorage,ANC-007,97.91,96.5,1.83,27.72,49.01,76.52,Green
2026-06-01,Anchorage,ANC-007,97.1,97.6,1.52,53.75,45.85,82.32,Green
2026-06-08,Anchorage,ANC-007,97.51,96.57,2.64,39.88,52.99,78.15,Green
2026-06-15,Anchorage,ANC-007,97.59,96.88,2.3,39.72,46.63,79.22,Green
2026-06-22,Anchorage,ANC-007,96.95,96.21,2.79,41.54,42.69,79.77,Green
2026-06-29,Anchorage,ANC-007,97.55,96.97,2.22,33.95,45.73,78.23,Green
2026-07-06,Anchorage,ANC-007,97.2,97.0,1.69,48.41,47.95,80.79,Green
2026-07-13,Anchorage,ANC-007,97.63,97.25,3.21,48.29,29.44,83.48,Green
2026-07-20,Anchorage,ANC-007,97.1,96.53,2.47,44.32,38.36,81.15,Green
2026-07-27,Anchorage,ANC-007,97.61,96.47,2.18,28.92,36.78,78.46,Green
2026-08-03,Anchorage,ANC-007,97.07,96.37,2.93,32.58,65.22,74.65,Yellow
2026-05-04,Anchorage,ANC-008,98.82,99.37,3.43,42.5,16.07,85.12,Green
2026-05-11,Anchorage,ANC-008,98.78,99.29,3.07,38.25,21.37,83.5,Green
2026-05-18,Anchorage,ANC-008,99.27,99.06,2.56,51.05,11.85,87.63,Green
2026-05-25,Anchorage,ANC-008,98.48,98.98,2.17,42.67,11.84,85.8,Green
2026-06-01,Anchorage,ANC-008,99.09,98.71,2.45,48.15,11.35,87.01,Green
2026-06-08,Anchorage,ANC-008,99.4,99.69,2.48,42.71,0.0,87.94,Green
2026-06-15,Anchorage,ANC-008,99.18,99.4,2.4,33.06,0.0,85.9,Green
2026-06-22,Anchorage,ANC-008,99.4,99.29,2.58,43.5,7.11,86.92,Green
2026-06-29,Anchorage,ANC-008,99.35,99.08,2.32,39.57,3.4,86.67,Green
2026-07-06,Anchorage,ANC-008,98.92,99.41,2.06,53.32,0.0,89.94,Green
2026-07-13,Anchorage,ANC-008,98.96,99.11,2.93,44.84,15.13,85.78,Green
2026-07-20,Anchorage,ANC-008,98.51,99.43,2.68,43.93,15.39,85.56,Green
2026-07-27,Anchorage,ANC-008,98.85,99.94,3.31,40.37,3.31,86.78,Green
2026-08-03,Anchorage,ANC-008,99.54,100.0,2.04,39.91,4.62,86.87,Green
2026-05-04,Anchorage,ANC-009,95.94,93.62,1.54,43.14,0.0,85.79,Green
2026-05-11,Anchorage,ANC-009,95.56,96.19,3.49,37.85,2.54,84.61,Green
2026-05-18,Anchorage,ANC-009,98.81,93.66,0.78,39.23,0.8,85.72,Green
2026-05-25,Anchorage,ANC-009,97.11,97.49,1.25,26.95,1.14,83.68,Green
2026-06-01,Anchorage,ANC-009,95.65,93.8,0.1,37.89,18.12,82.21,Green
2026-06-08,Anchorage,ANC-009,95.16,97.63,1.6,51.42,11.58,86.5,Green
2026-06-15,Anchorage,ANC-009,96.04,97.65,0.93,7.74,28.5,75.56,Green
2026-06-22,Anchorage,ANC-009,98.76,94.47,1.14,42.39,9.28,85.22,Green
2026-06-29,Anchorage,ANC-009,98.28,97.49,4.02,21.86,49.52,75.28,Green
2026-07-06,Anchorage,ANC-009,97.78,96.46,3.33,33.87,16.17,82.41,Green
2026-07-13,Anchorage,ANC-009,95.22,96.37,5.46,34.53,6.61,82.99,Green
2026-07-20,Anchorage,ANC-009,96.99,97.34,2.85,13.84,5.69,80.07,Green
2026-07-27,Anchorage,ANC-009,98.44,97.57,2.49,55.49,17.52,87.1,Green
2026-08-03,Anchorage,ANC-009,97.24,94.58,4.66,30.2,18.75,80.48,Green
2026-05-04,Fairbanks,FAI-001,98.06,97.92,1.92,40.52,58.73,78.0,Green
2026-05-11,Fairbanks,FAI-001,98.71,97.84,1.93,51.46,30.37,84.58,Green
2026-05-18,Fairbanks,FAI-001,98.32,97.63,1.47,47.54,61.08,79.11,Green
2026-05-25,Fairbanks,FAI-001,98.63,97.68,2.18,60.99,54.1,82.83,Green
2026-06-01,Fairbanks,FAI-001,98.42,97.65,2.23,52.94,53.86,81.19,Green
2026-06-08,Fairbanks,FAI-001,98.63,98.41,1.68,60.33,48.28,83.83,Green
2026-06-15,Fairbanks,FAI-001,99.13,97.63,2.7,51.37,41.49,82.84,Green
2026-06-22,Fairbanks,FAI-001,98.23,97.8,2.11,53.97,42.11,83.17,Green
2026-06-29,Fairbanks,FAI-001,98.39,98.9,2.7,53.28,47.0,82.53,Green
2026-07-06,Fairbanks,FAI-001,98.44,98.22,1.46,47.73,33.35,83.49,Green
2026-07-13,Fairbanks,FAI-001,98.54,98.23,1.7,62.38,36.89,85.88,Green
2026-07-20,Fairbanks,FAI-001,97.89,98.04,2.39,63.26,43.03,84.82,Green
2026-07-27,Fairbanks,FAI-001,98.78,97.92,1.84,56.86,51.92,82.48,Green
2026-08-03,Fairbanks,FAI-001,97.85,98.6,2.54,44.79,49.87,80.21,Green
2026-05-04,Fairbanks,FAI-002,99.14,99.75,1.03,42.23,69.46,77.6,Green
2026-05-11,Fairbanks,FAI-002,98.15,99.74,0.1,42.29,54.33,79.77,Green
2026-05-18,Fairbanks,FAI-002,98.69,99.75,0.57,47.96,62.91,79.68,Green
2026-05-25,Fairbanks,FAI-002,99.31,99.26,0.21,53.16,59.33,81.34,Green
2026-06-01,Fairbanks,FAI-002,98.6,99.03,1.46,51.99,60.49,80.51,Green
2026-06-08,Fairbanks,FAI-002,99.02,99.08,1.72,48.25,66.72,78.91,Green
2026-06-15,Fairbanks,FAI-002,99.51,99.33,0.67,43.62,62.71,78.93,Green
2026-06-22,Fairbanks,FAI-002,99.13,99.55,0.81,51.05,62.64,80.37,Green
2026-06-29,Fairbanks,FAI-002,99.17,98.33,1.2,47.96,71.27,78.1,Green
2026-07-06,Fairbanks,FAI-002,98.13,100.0,0.72,54.06,54.96,81.99,Green
2026-07-13,Fairbanks,FAI-002,99.36,98.75,0.5,60.5,61.76,82.29,Green
2026-07-20,Fairbanks,FAI-002,99.22,99.62,1.01,46.39,66.2,78.91,Green
2026-07-27,Fairbanks,FAI-002,99.99,99.2,0.88,53.6,72.13,79.57,Green
2026-08-03,Fairbanks,FAI-002,99.56,99.51,0.27,58.26,54.11,83.26,Green
2026-05-04,Fairbanks,FAI-003,97.86,98.66,3.72,32.73,61.68,75.87,Green
2026-05-11,Fairbanks,FAI-003,98.08,99.01,2.45,33.88,69.24,75.3,Green
2026-05-18,Fairbanks,FAI-003,97.64,99.09,2.93,30.1,62.25,75.43,Green
2026-05-25,Fairbanks,FAI-003,97.75,97.98,2.35,41.85,56.85,78.42,Green
2026-06-01,Fairbanks,FAI-003,97.4,97.5,2.71,18.51,76.77,70.51,Yellow
2026-06-08,Fairbanks,FAI-003,98.1,98.16,4.01,36.95,61.03,76.7,Green
2026-06-15,Fairbanks,FAI-003,96.87,99.5,2.37,15.93,71.81,71.15,Yellow
2026-06-22,Fairbanks,FAI-003,98.6,99.1,3.25,33.86,70.46,75.14,Green
2026-06-29,Fairbanks,FAI-003,98.01,98.6,3.05,28.6,57.6,75.78,Green
2026-07-06,Fairbanks,FAI-003,97.65,97.71,2.95,21.19,54.8,74.41,Yellow
2026-07-13,Fairbanks,FAI-003,97.81,99.1,3.41,16.53,55.71,73.67,Yellow
2026-07-20,Fairbanks,FAI-003,98.07,98.03,2.9,33.5,55.88,76.91,Green
2026-07-27,Fairbanks,FAI-003,97.78,97.87,2.73,31.66,50.89,77.2,Green
2026-08-03,Fairbanks,FAI-003,97.9,98.46,3.25,30.89,74.54,73.6,Yellow
2026-05-04,Fairbanks,FAI-004,97.35,98.1,2.24,90.13,44.2,89.92,Green
2026-05-11,Fairbanks,FAI-004,97.36,98.08,3.27,73.78,64.13,83.5,Green
2026-05-18,Fairbanks,FAI-004,97.36,98.53,2.49,93.3,44.65,90.56,Green
2026-05-25,Fairbanks,FAI-004,97.71,98.68,3.05,74.65,53.11,85.6,Green
2026-06-01,Fairbanks,FAI-004,97.62,98.33,3.3,93.82,49.69,89.8,Green
2026-06-08,Fairbanks,FAI-004,97.12,98.36,4.03,69.71,67.26,82.12,Green
2026-06-15,Fairbanks,FAI-004,98.19,98.15,3.12,89.16,51.12,88.78,Green
2026-06-22,Fairbanks,FAI-004,97.53,98.14,2.41,70.94,44.36,86.09,Green
2026-06-29,Fairbanks,FAI-004,97.61,98.05,2.97,63.69,56.8,82.69,Green
2026-07-06,Fairbanks,FAI-004,97.89,97.5,3.04,85.96,44.47,88.91,Green
2026-07-13,Fairbanks,FAI-004,98.19,98.59,2.55,75.69,58.62,85.16,Green
2026-07-20,Fairbanks,FAI-004,97.63,98.64,2.45,77.49,42.84,87.77,Green
2026-07-27,Fairbanks,FAI-004,97.56,97.99,2.54,86.03,62.88,86.28,Green
2026-08-03,Fairbanks,FAI-004,97.81,97.91,2.73,85.84,55.29,87.4,Green
2026-05-04,Fairbanks,FAI-005,98.95,98.8,0.19,78.55,0.0,95.12,Green
2026-05-11,Fairbanks,FAI-005,98.88,97.87,0.1,92.31,32.61,92.74,Green
2026-05-18,Fairbanks,FAI-005,98.7,98.75,0.58,88.41,20.02,93.95,Green
2026-05-25,Fairbanks,FAI-005,98.6,98.49,0.69,83.85,20.6,92.85,Green
2026-06-01,Fairbanks,FAI-005,98.64,98.03,0.78,82.01,12.89,93.52,Green
2026-06-08,Fairbanks,FAI-005,98.7,98.86,0.75,89.0,19.2,94.19,Green
2026-06-15,Fairbanks,FAI-005,99.18,98.62,0.55,78.7,4.14,94.49,Green
2026-06-22,Fairbanks,FAI-005,98.59,98.1,0.46,89.65,16.9,94.5,Green
2026-06-29,Fairbanks,FAI-005,98.67,98.59,0.57,73.39,5.15,93.14,Green
2026-07-06,Fairbanks,FAI-005,98.65,97.83,0.81,101.44,22.41,95.64,Green
2026-07-13,Fairbanks,FAI-005,98.62,99.04,0.61,86.5,7.76,95.46,Green
2026-07-20,Fairbanks,FAI-005,98.59,98.2,0.62,90.48,12.69,95.3,Green
2026-07-27,Fairbanks,FAI-005,98.85,98.91,0.97,77.32,0.0,94.76,Green
2026-08-03,Fairbanks,FAI-005,99.03,97.76,0.44,79.84,0.0,95.1,Green
2026-05-04,Fairbanks,FAI-006,99.21,98.88,1.71,27.4,29.85,80.27,Green
2026-05-11,Fairbanks,FAI-006,99.61,98.75,1.94,35.51,28.7,82.1,Green
2026-05-18,Fairbanks,FAI-006,99.39,98.28,2.18,18.86,28.59,78.58,Green
2026-05-25,Fairbanks,FAI-006,100.0,98.08,1.65,37.71,28.29,82.57,Green
2026-06-01,Fairbanks,FAI-006,99.17,99.17,2.1,40.55,35.39,82.07,Green
2026-06-08,Fairbanks,FAI-006,99.23,99.67,2.1,31.87,32.36,80.93,Green
2026-06-15,Fairbanks,FAI-006,99.86,99.4,2.39,19.91,33.65,78.39,Green
2026-06-22,Fairbanks,FAI-006,99.17,99.61,2.44,23.02,31.45,79.21,Green
2026-06-29,Fairbanks,FAI-006,98.93,98.26,2.92,20.68,21.59,79.76,Green
2026-07-06,Fairbanks,FAI-006,99.59,99.23,2.7,33.91,23.91,82.5,Green
2026-07-13,Fairbanks,FAI-006,98.91,99.38,2.23,23.93,40.59,77.93,Green
2026-07-20,Fairbanks,FAI-006,99.6,98.91,3.35,20.79,37.39,77.67,Green
2026-07-27,Fairbanks,FAI-006,99.42,98.82,3.06,30.0,34.28,79.96,Green
2026-08-03,Fairbanks,FAI-006,99.78,98.54,2.0,17.58,14.24,80.66,Green
2026-05-04,Fairbanks,FAI-007,98.62,98.71,3.23,40.79,10.95,85.36,Green
2026-05-11,Fairbanks,FAI-007,98.61,98.23,3.57,49.39,18.17,85.83,Green
2026-05-18,Fairbanks,FAI-007,98.74,98.87,2.93,35.08,15.49,83.66,Green
2026-05-25,Fairbanks,FAI-007,98.28,98.1,3.11,55.37,12.46,87.83,Green
2026-06-01,Fairbanks,FAI-007,98.62,99.1,2.95,66.27,16.81,89.72,Green
2026-06-08,Fairbanks,FAI-007,97.89,98.68,3.02,55.78,17.68,87.19,Green
2026-06-15,Fairbanks,FAI-007,98.46,97.79,2.75,38.65,7.65,85.23,Green
2026-06-22,Fairbanks,FAI-007,98.72,99.09,3.02,35.89,15.85,83.8,Green
2026-06-29,Fairbanks,FAI-007,98.93,98.06,2.79,45.58,6.01,87.04,Green
2026-07-06,Fairbanks,FAI-007,98.74,98.28,3.04,38.36,8.79,85.15,Green
2026-07-13,Fairbanks,FAI-007,98.76,98.17,3.62,42.26,14.09,85.03,Green
2026-07-20,Fairbanks,FAI-007,98.84,97.7,2.05,33.25,22.39,82.12,Green
2026-07-27,Fairbanks,FAI-007,98.32,99.49,2.59,46.94,24.63,84.76,Green
2026-08-03,Fairbanks,FAI-007,99.21,99.27,3.39,53.65,17.03,87.29,Green
2026-05-04,Fairbanks,FAI-008,98.36,99.41,1.69,43.37,0.0,87.86,Green
2026-05-11,Fairbanks,FAI-008,98.05,98.65,0.81,30.89,7.54,84.1,Green
2026-05-18,Fairbanks,FAI-008,98.65,99.26,1.18,46.38,18.28,85.83,Green
2026-05-25,Fairbanks,FAI-008,98.32,98.87,1.21,28.57,17.22,82.25,Green
2026-06-01,Fairbanks,FAI-008,98.78,99.67,1.43,22.59,9.64,82.47,Green
2026-06-08,Fairbanks,FAI-008,97.5,99.12,1.58,27.82,0.0,84.48,Green
2026-06-15,Fairbanks,FAI-008,98.3,98.74,1.12,8.57,8.29,79.56,Green
2026-06-22,Fairbanks,FAI-008,98.74,99.72,1.44,26.73,12.26,82.91,Green
2026-06-29,Fairbanks,FAI-008,97.77,99.11,1.99,41.37,7.71,86.04,Green
2026-07-06,Fairbanks,FAI-008,98.05,98.58,1.27,29.74,11.45,83.2,Green
2026-07-13,Fairbanks,FAI-008,98.44,98.61,2.32,29.38,8.34,83.54,Green
2026-07-20,Fairbanks,FAI-008,97.86,97.88,2.04,37.44,6.26,85.18,Green
2026-07-27,Fairbanks,FAI-008,98.14,99.21,0.94,27.32,14.87,82.43,Green
2026-08-03,Fairbanks,FAI-008,97.68,99.11,1.03,35.28,8.23,84.86,Green
2026-05-04,Fairbanks,FAI-009,98.97,98.07,0.15,38.35,21.95,83.61,Green
2026-05-11,Fairbanks,FAI-009,99.14,97.63,0.44,31.24,19.21,82.49,Green
2026-05-18,Fairbanks,FAI-009,98.52,96.23,0.8,45.09,0.0,87.59,Green
2026-05-25,Fairbanks,FAI-009,98.55,97.83,1.53,38.02,12.69,84.56,Green
2026-06-01,Fairbanks,FAI-009,98.84,98.17,0.32,31.46,14.66,83.3,Green
2026-06-08,Fairbanks,FAI-009,98.57,97.6,1.34,40.44,16.5,84.45,Green
2026-06-15,Fairbanks,FAI-009,98.8,96.85,1.01,37.23,17.08,83.65,Green
2026-06-22,Fairbanks,FAI-009,100.0,97.68,0.27,34.45,27.71,82.11,Green
2026-06-29,Fairbanks,FAI-009,98.94,96.9,1.02,32.51,33.51,80.28,Green
2026-07-06,Fairbanks,FAI-009,99.28,97.35,1.18,38.4,25.34,82.86,Green
2026-07-13,Fairbanks,FAI-009,99.07,97.17,0.32,46.1,15.84,85.85,Green
2026-07-20,Fairbanks,FAI-009,98.76,97.12,0.8,54.36,9.98,88.22,Green
2026-07-27,Fairbanks,FAI-009,98.91,98.18,0.57,41.47,10.02,85.98,Green
2026-08-03,Fairbanks,FAI-009,99.05,97.46,1.05,47.36,39.24,82.56,Green
2026-05-04,Fairbanks,FAI-010,99.21,99.76,0.1,96.3,26.78,94.97,Green
2026-05-11,Fairbanks,FAI-010,99.11,98.22,0.24,97.55,16.06,96.4,Green
2026-05-18,Fairbanks,FAI-010,98.8,98.94,0.89,91.55,14.33,95.46,Green
2026-05-25,Fairbanks,FAI-010,99.03,98.99,0.1,100.1,13.67,97.44,Green
2026-06-01,Fairbanks,FAI-010,99.58,99.86,0.96,83.72,19.47,93.54,Green
2026-06-08,Fairbanks,FAI-010,99.15,98.76,0.66,77.74,25.75,91.07,Green
2026-06-15,Fairbanks,FAI-010,98.99,99.26,0.64,85.11,20.94,93.35,Green
2026-06-22,Fairbanks,FAI-010,98.99,99.56,0.1,88.19,31.76,92.5,Green
2026-06-29,Fairbanks,FAI-010,98.8,98.87,0.75,88.61,19.05,94.17,Green
2026-07-06,Fairbanks,FAI-010,99.33,99.46,1.01,90.46,14.31,95.49,Green
2026-07-13,Fairbanks,FAI-010,99.39,100.0,0.45,79.38,25.1,91.89,Green
2026-07-20,Fairbanks,FAI-010,99.11,98.19,0.9,82.89,15.52,93.44,Green
2026-07-27,Fairbanks,FAI-010,99.27,99.26,0.83,83.69,20.35,93.19,Green
2026-08-03,Fairbanks,FAI-010,99.06,99.5,0.79,79.69,24.93,91.72,Green
2026-05-04,Mat-Su,MAT-001,99.33,97.19,2.65,32.14,53.62,77.12,Green
2026-05-11,Mat-Su,MAT-001,98.84,96.87,2.18,42.17,60.91,77.9,Green
2026-05-18,Mat-Su,MAT-001,99.37,97.27,2.69,43.86,39.8,81.56,Green
2026-05-25,Mat-Su,MAT-001,99.49,97.78,2.88,36.09,55.23,77.82,Green
2026-06-01,Mat-Su,MAT-001,98.46,97.65,2.36,19.92,51.31,74.96,Yellow
2026-06-08,Mat-Su,MAT-001,99.89,97.28,3.09,47.47,57.74,79.66,Green
2026-06-15,Mat-Su,MAT-001,99.98,97.68,2.69,21.75,45.25,76.57,Green
2026-06-22,Mat-Su,MAT-001,99.11,98.32,2.58,35.55,51.63,78.34,Green
2026-06-29,Mat-Su,MAT-001,99.42,98.11,2.38,36.13,41.28,80.06,Green
2026-07-06,Mat-Su,MAT-001,98.95,97.07,2.64,31.13,41.68,78.58,Green
2026-07-13,Mat-Su,MAT-001,98.92,97.31,1.98,40.65,47.88,79.71,Green
2026-07-20,Mat-Su,MAT-001,98.9,97.21,2.32,37.12,57.94,77.41,Green
2026-07-27,Mat-Su,MAT-001,98.75,97.4,2.58,39.94,48.93,79.3,Green
2026-08-03,Mat-Su,MAT-001,99.14,97.2,2.3,43.18,47.39,80.27,Green
2026-05-04,Mat-Su,MAT-002,98.0,97.89,3.1,40.25,8.83,85.23,Green
2026-05-11,Mat-Su,MAT-002,98.95,98.39,3.05,49.07,28.66,84.39,Green
2026-05-18,Mat-Su,MAT-002,98.54,98.21,2.01,30.42,19.79,82.0,Green
2026-05-25,Mat-Su,MAT-002,98.29,98.55,3.02,34.38,16.28,83.19,Green
2026-06-01,Mat-Su,MAT-002,98.69,98.81,2.49,47.46,20.7,85.39,Green
2026-06-08,Mat-Su,MAT-002,98.64,98.93,3.09,43.8,23.78,84.12,Green
2026-06-15,Mat-Su,MAT-002,98.42,98.77,2.47,37.05,21.22,83.15,Green
2026-06-22,Mat-Su,MAT-002,98.56,98.55,2.13,31.79,22.23,81.98,Green
2026-06-29,Mat-Su,MAT-002,98.69,98.14,3.55,29.25,29.24,80.14,Green
2026-07-06,Mat-Su,MAT-002,98.78,98.32,3.78,26.63,28.84,79.71,Green
2026-07-13,Mat-Su,MAT-002,98.99,98.3,3.61,34.18,23.79,82.05,Green
2026-07-20,Mat-Su,MAT-002,98.73,98.55,3.35,42.52,7.5,86.2,Green
2026-07-27,Mat-Su,MAT-002,99.09,97.86,3.45,45.19,12.76,85.85,Green
2026-08-03,Mat-Su,MAT-002,98.49,98.11,2.88,33.71,27.72,81.3,Green
2026-05-04,Mat-Su,MAT-003,97.27,96.21,1.49,74.4,18.96,90.18,Green
2026-05-11,Mat-Su,MAT-003,95.99,95.44,3.71,64.71,56.71,81.74,Green
2026-05-18,Mat-Su,MAT-003,98.1,96.43,4.02,82.72,26.9,90.54,Green
2026-05-25,Mat-Su,MAT-003,97.44,94.7,3.77,69.05,18.52,88.5,Green
2026-06-01,Mat-Su,MAT-003,96.3,95.76,0.91,76.85,34.24,88.11,Green
2026-06-08,Mat-Su,MAT-003,96.75,94.88,1.79,81.17,29.18,89.5,Green
2026-06-15,Mat-Su,MAT-003,95.37,92.77,2.21,78.9,30.32,87.94,Green
2026-06-22,Mat-Su,MAT-003,98.3,93.95,0.95,78.7,27.72,89.5,Green
2026-06-29,Mat-Su,MAT-003,96.83,96.62,2.57,45.41,30.18,82.53,Green
2026-07-06,Mat-Su,MAT-003,96.83,96.57,1.87,53.99,28.69,84.56,Green
2026-07-13,Mat-Su,MAT-003,97.54,92.28,3.52,83.24,59.63,84.63,Green
2026-07-20,Mat-Su,MAT-003,98.11,97.11,2.36,58.74,34.7,84.99,Green
2026-07-27,Mat-Su,MAT-003,97.58,96.44,3.69,80.84,47.06,87.06,Green
2026-08-03,Mat-Su,MAT-003,96.42,96.97,5.48,51.01,9.41,86.32,Green
2026-05-04,Mat-Su,MAT-004,99.65,96.99,1.76,36.96,49.48,78.87,Green
2026-05-11,Mat-Su,MAT-004,99.16,97.95,2.3,37.34,69.28,76.01,Green
2026-05-18,Mat-Su,MAT-004,98.48,97.6,1.72,42.57,43.65,80.73,Green
2026-05-25,Mat-Su,MAT-004,98.88,97.72,1.62,30.44,58.44,76.23,Green
2026-06-01,Mat-Su,MAT-004,99.22,97.11,1.66,44.45,56.14,79.3,Green
2026-06-08,Mat-Su,MAT-004,98.62,97.9,1.83,43.67,53.01,79.64,Green
2026-06-15,Mat-Su,MAT-004,98.83,98.0,1.95,41.5,57.8,78.55,Green
2026-06-22,Mat-Su,MAT-004,99.58,98.28,1.45,39.63,51.79,79.4,Green
2026-06-29,Mat-Su,MAT-004,98.96,97.6,1.57,43.92,59.95,78.7,Green
2026-07-06,Mat-Su,MAT-004,98.79,97.38,2.11,38.71,57.32,77.87,Green
2026-07-13,Mat-Su,MAT-004,97.9,97.58,1.4,33.77,47.08,78.35,Green
2026-07-20,Mat-Su,MAT-004,98.39,98.13,1.91,32.27,62.18,75.97,Green
2026-07-27,Mat-Su,MAT-004,98.76,98.52,1.93,38.37,66.09,76.79,Green
2026-08-03,Mat-Su,MAT-004,99.45,97.24,1.86,45.64,64.8,78.3,Green
2026-05-04,Mat-Su,MAT-005,97.92,97.8,0.58,86.57,4.75,95.44,Green
2026-05-11,Mat-Su,MAT-005,97.83,98.34,0.18,91.85,0.0,97.39,Green
2026-05-18,Mat-Su,MAT-005,98.2,98.44,1.61,85.29,33.1,91.01,Green
2026-05-25,Mat-Su,MAT-005,98.3,98.91,1.04,86.59,29.33,92.06,Green
2026-06-01,Mat-Su,MAT-005,98.14,98.52,1.81,79.68,0.0,94.83,Green
2026-06-08,Mat-Su,MAT-005,98.32,98.88,0.76,90.98,22.37,94.03,Green
2026-06-15,Mat-Su,MAT-005,97.43,98.01,1.19,84.19,11.01,93.87,Green
2026-06-22,Mat-Su,MAT-005,97.95,99.19,1.32,80.06,16.62,92.6,Green
2026-06-29,Mat-Su,MAT-005,98.41,98.46,1.27,80.42,11.66,93.36,Green
2026-07-06,Mat-Su,MAT-005,98.02,98.59,0.92,88.77,28.26,92.53,Green
2026-07-13,Mat-Su,MAT-005,98.34,98.27,0.78,98.25,7.59,97.55,Green
2026-07-20,Mat-Su,MAT-005,98.52,98.72,1.26,83.52,2.27,95.49,Green
2026-07-27,Mat-Su,MAT-005,98.34,98.71,0.88,84.38,17.26,93.42,Green
2026-08-03,Mat-Su,MAT-005,98.43,98.44,0.64,81.38,18.75,92.59,Green
2026-05-04,Mat-Su,MAT-006,96.96,98.37,1.35,42.38,55.09,78.84,Green
2026-05-11,Mat-Su,MAT-006,98.25,99.01,4.62,71.67,35.55,87.62,Green
2026-05-18,Mat-Su,MAT-006,98.1,95.44,1.11,75.24,50.61,85.68,Green
2026-05-25,Mat-Su,MAT-006,98.13,97.24,0.97,56.97,33.1,85.13,Green
2026-06-01,Mat-Su,MAT-006,96.06,99.07,4.51,82.03,62.52,85.13,Green
2026-06-08,Mat-Su,MAT-006,96.21,97.97,0.98,60.6,41.84,84.24,Green
2026-06-15,Mat-Su,MAT-006,97.99,99.23,2.43,58.95,23.78,87.16,Green
2026-06-22,Mat-Su,MAT-006,97.67,98.84,1.96,59.85,52.5,82.93,Green
2026-06-29,Mat-Su,MAT-006,96.87,99.12,0.37,73.05,40.86,87.42,Green
2026-07-06,Mat-Su,MAT-006,97.76,97.01,4.98,66.05,52.33,83.31,Green
2026-07-13,Mat-Su,MAT-006,95.31,98.58,1.85,62.27,46.41,83.69,Green
2026-07-20,Mat-Su,MAT-006,97.89,98.71,1.03,83.14,43.1,89.16,Green
2026-07-27,Mat-Su,MAT-006,97.84,99.16,4.98,59.43,31.24,85.7,Green
2026-08-03,Mat-Su,MAT-006,94.93,99.16,1.94,73.3,34.95,87.65,Green
2026-05-04,Mat-Su,MAT-007,98.28,99.27,1.03,67.75,25.09,89.02,Green
2026-05-11,Mat-Su,MAT-007,98.36,98.43,0.65,59.92,31.93,86.29,Green
2026-05-18,Mat-Su,MAT-007,98.03,98.89,0.14,51.5,32.26,84.67,Green
2026-05-25,Mat-Su,MAT-007,98.33,99.15,0.85,54.41,19.85,87.15,Green
2026-06-01,Mat-Su,MAT-007,98.37,99.11,1.05,50.15,7.91,88.06,Green
2026-06-08,Mat-Su,MAT-007,98.51,98.71,0.44,59.9,22.0,87.92,Green
2026-06-15,Mat-Su,MAT-007,98.5,99.2,1.13,43.43,34.83,82.72,Green
2026-06-22,Mat-Su,MAT-007,98.22,98.76,0.89,40.14,28.41,82.88,Green
2026-06-29,Mat-Su,MAT-007,97.77,98.31,0.14,63.26,20.1,88.64,Green
2026-07-06,Mat-Su,MAT-007,98.67,98.68,0.1,45.42,35.02,83.15,Green
2026-07-13,Mat-Su,MAT-007,98.08,98.67,0.9,58.37,34.08,85.61,Green
2026-07-20,Mat-Su,MAT-007,98.64,98.76,0.23,51.05,27.22,85.44,Green
2026-07-27,Mat-Su,MAT-007,97.79,98.49,0.98,53.96,25.4,85.91,Green
2026-08-03,Mat-Su,MAT-007,97.86,98.82,0.41,61.48,33.42,86.39,Green
2026-05-04,Mat-Su,MAT-008,98.15,97.09,1.47,48.02,11.55,86.46,Green
2026-05-11,Mat-Su,MAT-008,98.53,97.29,1.25,60.85,28.04,86.73,Green
2026-05-18,Mat-Su,MAT-008,98.02,97.91,1.74,38.28,23.87,82.8,Green
2026-05-25,Mat-Su,MAT-008,99.01,97.03,0.96,55.6,19.49,87.06,Green
2026-06-01,Mat-Su,MAT-008,98.67,97.69,1.55,36.85,25.7,82.37,Green
2026-06-08,Mat-Su,MAT-008,98.88,97.44,1.35,35.21,21.43,82.7,Green
2026-06-15,Mat-Su,MAT-008,98.67,97.51,1.88,44.79,21.84,84.45,Green
2026-06-22,Mat-Su,MAT-008,98.12,97.53,1.3,49.27,14.36,86.42,Green
2026-06-29,Mat-Su,MAT-008,98.43,97.91,1.18,34.61,31.32,81.13,Green
2026-07-06,Mat-Su,MAT-008,98.96,96.96,1.68,43.44,19.43,84.5,Green
2026-07-13,Mat-Su,MAT-008,98.58,97.43,1.02,41.94,9.99,85.74,Green
2026-07-20,Mat-Su,MAT-008,98.18,97.51,1.05,52.92,29.22,84.97,Green
2026-07-27,Mat-Su,MAT-008,98.27,97.65,1.6,51.24,17.93,86.3,Green
2026-08-03,Mat-Su,MAT-008,98.73,97.76,0.82,54.42,24.42,86.22,Green
2026-05-04,Seward,SEW-001,98.42,96.08,1.44,109.04,38.22,92.68,Green
2026-05-11,Seward,SEW-001,99.21,96.1,1.61,98.42,53.82,90.2,Green
2026-05-18,Seward,SEW-001,99.4,96.36,1.05,110.14,36.97,93.24,Green
2026-05-25,Seward,SEW-001,98.68,96.72,0.44,103.15,34.55,93.6,Green
2026-06-01,Seward,SEW-001,98.53,97.36,0.74,109.77,37.84,93.18,Green
2026-06-08,Seward,SEW-001,98.6,97.06,1.46,107.83,47.81,91.53,Green
2026-06-15,Seward,SEW-001,98.58,96.43,0.81,96.66,63.66,88.41,Green
2026-06-22,Seward,SEW-001,99.13,96.1,0.71,107.12,44.45,92.04,Green
2026-06-29,Seward,SEW-001,98.89,96.59,1.25,105.89,40.75,92.57,Green
2026-07-06,Seward,SEW-001,97.92,96.6,0.92,104.67,63.95,88.9,Green
2026-07-13,Seward,SEW-001,98.83,96.56,1.72,107.13,43.43,92.08,Green
2026-07-20,Seward,SEW-001,98.91,97.63,0.79,107.05,32.66,94.12,Green
2026-07-27,Seward,SEW-001,98.89,96.29,1.11,100.9,47.87,91.45,Green
2026-08-03,Seward,SEW-001,99.02,96.14,1.33,97.59,30.0,93.61,Green
2026-05-04,Seward,SEW-002,94.34,96.91,3.38,87.96,12.77,92.98,Green
2026-05-11,Seward,SEW-002,95.19,94.6,4.71,60.33,13.27,86.81,Green
2026-05-18,Seward,SEW-002,96.72,96.52,1.68,70.54,40.42,86.1,Green
2026-05-25,Seward,SEW-002,95.36,95.33,1.85,66.11,18.1,87.9,Green
2026-06-01,Seward,SEW-002,94.86,97.14,1.58,84.18,43.76,88.03,Green
2026-06-08,Seward,SEW-002,97.55,94.27,3.19,71.82,2.08,91.53,Green
2026-06-15,Seward,SEW-002,96.96,96.66,5.12,88.76,25.36,91.58,Green
2026-06-22,Seward,SEW-002,96.74,97.65,3.97,79.03,23.43,90.29,Green
2026-06-29,Seward,SEW-002,98.34,97.65,1.24,79.84,32.77,89.86,Green
2026-07-06,Seward,SEW-002,95.66,95.94,2.11,85.91,16.35,92.31,Green
2026-07-13,Seward,SEW-002,95.19,96.67,4.26,44.62,26.51,82.27,Green
2026-07-20,Seward,SEW-002,97.31,93.76,4.26,52.78,40.16,81.66,Green
2026-07-27,Seward,SEW-002,97.63,97.5,4.58,66.82,25.78,87.59,Green
2026-08-03,Seward,SEW-002,97.96,94.63,1.59,62.16,40.13,84.32,Green
2026-05-04,Seward,SEW-003,99.96,98.83,2.47,36.67,56.39,78.2,Green
2026-05-11,Seward,SEW-003,99.27,98.21,3.06,21.76,67.49,73.14,Yellow
2026-05-18,Seward,SEW-003,99.43,97.74,2.52,11.51,60.23,72.18,Yellow
2026-05-25,Seward,SEW-003,99.57,98.1,2.41,43.94,51.18,80.17,Green
2026-06-01,Seward,SEW-003,98.89,99.04,3.24,28.34,63.32,75.17,Green
2026-06-08,Seward,SEW-003,99.73,98.04,2.14,38.16,68.71,76.45,Green
2026-06-15,Seward,SEW-003,99.46,97.98,3.25,24.06,52.55,75.8,Green
2026-06-22,Seward,SEW-003,99.38,99.07,2.74,31.63,58.93,76.69,Green
2026-06-29,Seward,SEW-003,99.27,98.62,1.22,25.94,57.16,75.9,Green
2026-07-06,Seward,SEW-003,98.86,98.55,2.27,42.35,67.81,77.31,Green
2026-07-13,Seward,SEW-003,99.09,98.3,2.32,24.7,56.79,75.42,Green
2026-07-20,Seward,SEW-003,98.99,97.86,2.64,33.35,48.79,78.17,Green
2026-07-27,Seward,SEW-003,99.57,98.09,2.47,34.87,54.96,77.77,Green
2026-08-03,Seward,SEW-003,99.42,98.14,2.27,26.66,49.25,76.99,Green
2026-05-04,Seward,SEW-004,97.57,97.02,4.29,51.23,39.32,82.35,Green
2026-05-11,Seward,SEW-004,97.54,93.37,2.32,49.53,19.91,84.3,Green
2026-05-18,Seward,SEW-004,96.46,96.65,3.26,20.1,20.18,78.78,Green
2026-05-25,Seward,SEW-004,97.44,97.96,1.29,68.02,5.69,91.41,Green
2026-06-01,Seward,SEW-004,95.59,97.51,0.1,21.63,7.48,81.46,Green
2026-06-08,Seward,SEW-004,97.34,97.02,3.49,62.06,68.64,80.18,Green
2026-06-15,Seward,SEW-004,96.04,94.77,0.65,27.38,44.14,76.46,Green
2026-06-22,Seward,SEW-004,97.82,96.81,0.82,60.62,44.35,84.01,Green
2026-06-29,Seward,SEW-004,96.54,97.37,1.16,53.25,15.4,86.64,Green
2026-07-06,Seward,SEW-004,97.57,96.84,0.59,55.42,46.41,82.64,Green
2026-07-13,Seward,SEW-004,97.01,94.95,2.0,66.65,41.93,84.73,Green
2026-07-20,Seward,SEW-004,94.99,93.26,3.61,28.32,46.76,75.17,Green
2026-07-27,Seward,SEW-004,95.42,96.93,1.9,70.22,55.29,83.56,Green
2026-08-03,Seward,SEW-004,94.79,94.53,1.01,71.83,17.47,88.92,Green
2026-05-04,Seward,SEW-005,99.51,98.0,0.79,105.05,0.0,99.26,Green
2026-05-11,Seward,SEW-005,99.06,97.78,0.85,112.01,4.09,98.47,Green
2026-05-18,Seward,SEW-005,99.31,96.82,1.1,82.96,4.12,94.84,Green
2026-05-25,Seward,SEW-005,98.63,97.88,1.41,110.62,17.79,96.25,Green
2026-06-01,Seward,SEW-005,98.87,98.12,1.48,104.99,14.7,96.82,Green
2026-06-08,Seward,SEW-005,98.81,96.96,0.79,102.65,0.0,98.83,Green
2026-06-15,Seward,SEW-005,99.63,97.22,1.22,102.32,0.0,99.03,Green
2026-06-22,Seward,SEW-005,99.29,96.47,1.03,95.94,21.52,94.75,Green
2026-06-29,Seward,SEW-005,99.52,97.38,1.63,100.12,9.96,97.49,Green
2026-07-06,Seward,SEW-005,99.27,97.45,1.63,112.75,7.93,97.75,Green
2026-07-13,Seward,SEW-005,98.62,96.9,1.01,107.63,0.0,98.73,Green
2026-07-20,Seward,SEW-005,100.0,98.01,1.33,107.46,3.92,98.72,Green
2026-07-27,Seward,SEW-005,98.87,97.37,1.18,96.95,8.29,97.03,Green
2026-08-03,Seward,SEW-005,99.15,96.47,0.67,103.58,20.72,95.7,Green
2026-05-04,Seward,SEW-006,97.99,98.94,0.4,62.92,21.88,88.47,Green
2026-05-11,Seward,SEW-006,98.38,97.66,0.1,70.49,30.97,88.45,Green
2026-05-18,Seward,SEW-006,98.44,98.13,0.8,83.33,11.59,93.95,Green
2026-05-25,Seward,SEW-006,97.89,98.43,1.18,70.02,26.83,88.88,Green
2026-06-01,Seward,SEW-006,97.15,98.05,1.19,66.24,27.02,87.82,Green
2026-06-08,Seward,SEW-006,98.18,98.19,1.06,66.4,24.9,88.48,Green
2026-06-15,Seward,SEW-006,98.23,98.41,0.72,75.89,32.27,89.39,Green
2026-06-22,Seward,SEW-006,97.3,98.86,0.83,77.5,36.13,89.0,Green
2026-06-29,Seward,SEW-006,97.54,98.02,0.85,67.83,40.43,86.26,Green
2026-07-06,Seward,SEW-006,97.72,98.09,1.07,64.48,23.39,88.18,Green
2026-07-13,Seward,SEW-006,98.13,98.19,0.94,69.86,14.44,90.75,Green
2026-07-20,Seward,SEW-006,98.13,99.13,0.99,75.9,32.09,89.53,Green
2026-07-27,Seward,SEW-006,97.58,99.11,1.07,87.15,20.69,93.34,Green
2026-08-03,Seward,SEW-006,98.66,98.69,1.23,75.97,24.56,90.66,Green
2026-05-04,Seward,SEW-007,98.72,99.58,0.59,58.37,45.36,84.36,Green
2026-05-11,Seward,SEW-007,99.01,98.99,1.65,50.31,70.14,78.79,Green
2026-05-18,Seward,SEW-007,99.11,99.3,1.41,61.86,54.25,83.62,Green
2026-05-25,Seward,SEW-007,99.04,99.78,1.95,51.38,62.79,80.27,Green
2026-06-01,Seward,SEW-007,98.29,99.29,1.67,42.26,50.61,80.01,Green
2026-06-08,Seward,SEW-007,98.64,98.9,0.92,60.33,61.92,82.03,Green
2026-06-15,Seward,SEW-007,98.67,98.69,1.94,70.46,56.04,84.74,Green
2026-06-22,Seward,SEW-007,98.53,99.26,1.3,56.1,65.82,80.6,Green
2026-06-29,Seward,SEW-007,98.07,99.63,1.5,53.93,59.19,81.11,Green
2026-07-06,Seward,SEW-007,98.73,98.25,2.14,57.55,63.45,80.92,Green
2026-07-13,Seward,SEW-007,99.08,98.57,1.68,55.08,66.68,80.17,Green
2026-07-20,Seward,SEW-007,98.0,98.99,1.19,60.68,63.66,81.65,Green
2026-07-27,Seward,SEW-007,98.5,98.71,1.41,50.05,66.64,79.1,Green
2026-08-03,Seward,SEW-007,98.61,97.73,1.3,48.91,46.85,81.64,Green
2026-05-04,Seward,SEW-008,96.74,96.67,5.47,54.43,71.34,77.72,Green
2026-05-11,Seward,SEW-008,96.59,97.22,3.75,87.22,77.88,83.65,Green
2026-05-18,Seward,SEW-008,98.93,97.49,1.72,58.17,56.31,82.03,Green
2026-05-25,Seward,SEW-008,95.19,97.4,2.09,67.13,62.33,81.91,Green
2026-06-01,Seward,SEW-008,98.56,97.39,2.57,83.9,44.73,88.67,Green
2026-06-08,Seward,SEW-008,96.72,95.23,2.16,86.69,60.61,85.91,Green
2026-06-15,Seward,SEW-008,97.41,94.99,1.36,91.35,85.17,83.39,Green
2026-06-22,Seward,SEW-008,98.75,95.72,3.14,84.91,48.69,87.82,Green
2026-06-29,Seward,SEW-008,98.8,96.15,2.13,101.93,43.56,91.88,Green
2026-07-06,Seward,SEW-008,98.47,96.88,4.86,65.34,56.28,82.73,Green
2026-07-13,Seward,SEW-008,97.0,97.28,4.81,79.31,50.81,86.09,Green
2026-07-20,Seward,SEW-008,98.61,94.61,5.91,64.48,64.39,80.66,Green
2026-07-27,Seward,SEW-008,95.96,97.11,4.34,69.35,69.03,81.13,Green
2026-08-03,Seward,SEW-008,96.96,97.48,2.32,107.55,66.12,88.34,Green
2026-05-04,Seward,SEW-009,97.88,96.22,5.41,115.47,16.76,95.2,Green
2026-05-11,Seward,SEW-009,96.33,98.21,2.07,90.83,27.7,92.33,Green
2026-05-18,Seward,SEW-009,98.36,93.68,1.5,78.18,0.0,93.42,Green
2026-05-25,Seward,SEW-009,96.5,96.84,4.52,100.91,8.94,96.32,Green
2026-06-01,Seward,SEW-009,94.98,94.91,1.65,82.53,18.15,91.01,Green
2026-06-08,Seward,SEW-009,96.38,96.47,4.95,89.83,10.95,93.79,Green
2026-06-15,Seward,SEW-009,98.5,94.53,1.6,97.87,22.19,94.27,Green
2026-06-22,Seward,SEW-009,95.68,98.06,5.07,106.01,54.06,89.57,Green
2026-06-29,Seward,SEW-009,98.31,96.69,1.87,113.62,39.25,92.58,Green
2026-07-06,Seward,SEW-009,96.9,96.56,3.2,100.65,51.12,90.22,Green
2026-07-13,Seward,SEW-009,98.6,97.92,1.28,111.22,6.02,98.04,Green
2026-07-20,Seward,SEW-009,98.33,96.78,2.22,81.74,33.07,89.83,Green
2026-07-27,Seward,SEW-009,96.14,94.06,3.19,87.87,24.88,90.91,Green
2026-08-03,Seward,SEW-009,98.22,94.94,2.23,80.44,40.4,87.98,Green
2026-05-04,Seward,SEW-010,97.4,96.63,2.47,86.73,87.99,82.28,Green
2026-05-11,Seward,SEW-010,97.89,95.45,5.02,88.13,70.26,84.67,Green
2026-05-18,Seward,SEW-010,97.75,96.98,3.2,60.4,95.51,75.96,Green
2026-05-25,Seward,SEW-010,95.58,98.34,2.19,53.09,90.73,75.16,Green
2026-06-01,Seward,SEW-010,96.41,98.31,3.59,54.87,98.35,74.36,Yellow
2026-06-08,Seward,SEW-010,98.72,96.95,5.19,58.44,73.55,78.79,Green
2026-06-15,Seward,SEW-010,98.3,96.55,2.73,70.62,47.22,85.34,Green
2026-06-22,Seward,SEW-010,95.88,97.17,2.94,87.8,57.3,86.79,Green
2026-06-29,Seward,SEW-010,98.15,98.06,2.84,93.66,70.75,86.75,Green
2026-07-06,Seward,SEW-010,96.55,95.68,4.83,66.65,82.83,78.24,Green
2026-07-13,Seward,SEW-010,98.44,96.38,2.92,91.16,65.78,86.63,Green
2026-07-20,Seward,SEW-010,98.14,96.17,2.81,45.1,56.19,78.75,Green
2026-07-27,Seward,SEW-010,97.67,97.92,6.54,69.63,60.51,82.76,Green
2026-08-03,Seward,SEW-010,98.2,97.13,2.84,72.18,88.3,79.6,Green
2026-05-04,Napakiak,NAP-001,99.02,98.77,1.53,53.91,9.08,88.64,Green
2026-05-11,Napakiak,NAP-001,98.58,98.73,0.6,57.12,17.52,88.03,Green
2026-05-18,Napakiak,NAP-001,99.33,98.47,0.76,65.19,16.63,89.88,Green
2026-05-25,Napakiak,NAP-001,99.13,98.88,0.99,50.38,30.99,84.78,Green
2026-06-01,Napakiak,NAP-001,99.76,98.74,0.46,59.69,29.07,87.13,Green
2026-06-08,Napakiak,NAP-001,98.77,98.68,1.08,69.08,27.35,88.91,Green
2026-06-15,Napakiak,NAP-001,99.27,98.54,1.11,53.68,27.91,85.84,Green
2026-06-22,Napakiak,NAP-001,99.39,98.98,0.76,57.82,35.6,85.7,Green
2026-06-29,Napakiak,NAP-001,98.86,99.21,1.08,56.78,10.39,89.15,Green
2026-07-06,Napakiak,NAP-001,99.06,98.78,1.74,52.57,39.51,83.79,Green
2026-07-13,Napakiak,NAP-001,99.12,98.91,0.66,61.97,24.93,88.06,Green
2026-07-20,Napakiak,NAP-001,99.31,98.3,1.56,62.34,26.02,87.73,Green
2026-07-27,Napakiak,NAP-001,98.91,98.32,0.96,60.95,10.07,89.84,Green
2026-08-03,Napakiak,NAP-001,99.26,99.18,0.6,51.27,18.73,86.97,Green
2026-05-04,Napakiak,NAP-002,96.57,98.56,2.94,64.76,17.33,88.69,Green
2026-05-11,Napakiak,NAP-002,97.53,98.23,2.68,43.95,40.4,81.27,Green
2026-05-18,Napakiak,NAP-002,98.01,97.96,3.16,52.5,18.47,86.25,Green
2026-05-25,Napakiak,NAP-002,98.16,97.39,2.81,57.05,39.64,83.93,Green
2026-06-01,Napakiak,NAP-002,97.84,97.38,2.93,56.55,24.6,85.98,Green
2026-06-08,Napakiak,NAP-002,97.74,97.5,2.75,60.21,31.87,85.66,Green
2026-06-15,Napakiak,NAP-002,97.58,98.0,2.88,62.3,26.7,86.92,Green
2026-06-22,Napakiak,NAP-002,97.16,97.58,2.26,68.02,32.89,87.02,Green
2026-06-29,Napakiak,NAP-002,97.49,97.93,2.68,65.12,41.67,85.23,Green
2026-07-06,Napakiak,NAP-002,97.31,98.65,2.95,54.68,38.47,83.71,Green
2026-07-13,Napakiak,NAP-002,97.52,98.27,3.05,43.37,28.74,82.85,Green
2026-07-20,Napakiak,NAP-002,97.33,97.49,2.7,52.17,34.67,83.53,Green
2026-07-27,Napakiak,NAP-002,97.15,97.78,3.04,45.77,21.16,84.26,Green
2026-08-03,Napakiak,NAP-002,96.94,98.55,2.8,56.25,33.76,84.64,Green
2026-05-04,Napakiak,NAP-003,97.94,96.6,2.7,32.43,15.73,82.36,Green
2026-05-11,Napakiak,NAP-003,98.37,97.04,2.66,23.68,23.54,79.66,Green
2026-05-18,Napakiak,NAP-003,98.19,96.92,3.58,30.67,17.75,81.71,Green
2026-05-25,Napakiak,NAP-003,97.95,96.44,2.22,37.58,4.99,85.03,Green
2026-06-01,Napakiak,NAP-003,98.43,96.43,2.64,22.94,34.43,77.74,Green
2026-06-08,Napakiak,NAP-003,98.27,97.18,3.46,31.43,13.29,82.63,Green
2026-06-15,Napakiak,NAP-003,98.18,96.49,2.65,29.36,21.79,80.87,Green
2026-06-22,Napakiak,NAP-003,98.4,97.07,2.81,33.35,18.46,82.35,Green
2026-06-29,Napakiak,NAP-003,98.72,96.57,3.41,18.31,19.82,79.0,Green
2026-07-06,Napakiak,NAP-003,98.14,96.95,3.26,20.12,14.0,80.21,Green
2026-07-13,Napakiak,NAP-003,97.77,97.41,3.01,21.44,19.31,79.74,Green
2026-07-20,Napakiak,NAP-003,98.67,96.7,2.72,23.87,14.66,81.01,Green
2026-07-27,Napakiak,NAP-003,98.67,97.57,2.43,41.36,18.96,84.12,Green
2026-08-03,Napakiak,NAP-003,98.45,97.45,2.81,27.5,29.27,79.66,Green
2026-05-04,Napakiak,NAP-004,98.86,95.95,1.92,49.76,0.0,88.37,Green
2026-05-11,Napakiak,NAP-004,99.06,96.79,2.07,57.17,1.89,89.8,Green
2026-05-18,Napakiak,NAP-004,99.42,96.63,2.86,71.18,4.58,92.13,Green
2026-05-25,Napakiak,NAP-004,98.92,96.47,2.43,62.48,3.12,90.51,Green
2026-06-01,Napakiak,NAP-004,99.21,96.51,2.44,63.94,6.42,90.39,Green
2026-06-08,Napakiak,NAP-004,98.49,96.91,1.79,50.72,14.64,86.53,Green
2026-06-15,Napakiak,NAP-004,99.18,96.53,1.9,28.67,13.93,82.29,Green
2026-06-22,Napakiak,NAP-004,98.98,97.26,2.34,47.54,16.88,85.69,Green
2026-06-29,Napakiak,NAP-004,99.48,96.48,2.7,47.43,9.62,86.63,Green
2026-07-06,Napakiak,NAP-004,99.27,96.93,2.44,49.21,17.09,85.96,Green
2026-07-13,Napakiak,NAP-004,99.03,96.32,1.91,67.39,2.41,91.67,Green
2026-07-20,Napakiak,NAP-004,99.52,96.07,2.38,54.25,21.31,86.19,Green
2026-07-27,Napakiak,NAP-004,98.84,96.16,2.11,65.19,1.27,91.28,Green
2026-08-03,Napakiak,NAP-004,98.17,96.6,2.59,43.76,15.13,84.79,Green
2026-05-04,Napakiak,NAP-005,98.79,96.34,0.94,34.8,11.15,83.93,Green
2026-05-11,Napakiak,NAP-005,98.28,97.55,1.15,10.2,14.27,78.68,Green
2026-05-18,Napakiak,NAP-005,98.33,96.96,1.31,20.68,0.0,82.76,Green
2026-05-25,Napakiak,NAP-005,99.05,97.39,0.82,31.91,4.4,84.71,Green
2026-06-01,Napakiak,NAP-005,98.56,96.81,0.71,27.95,0.0,84.33,Green
2026-06-08,Napakiak,NAP-005,98.44,97.01,1.68,15.74,11.52,80.03,Green
2026-06-15,Napakiak,NAP-005,98.75,96.03,1.04,32.12,12.07,83.15,Green
2026-06-22,Napakiak,NAP-005,98.5,97.02,0.93,11.56,8.9,79.72,Green
2026-06-29,Napakiak,NAP-005,98.4,96.55,1.97,35.1,0.0,85.46,Green
2026-07-06,Napakiak,NAP-005,98.65,97.53,0.18,25.7,8.35,82.9,Green
2026-07-13,Napakiak,NAP-005,98.08,97.04,1.36,37.14,5.36,85.2,Green
2026-07-20,Napakiak,NAP-005,99.4,95.94,1.02,13.78,8.08,80.23,Green
2026-07-27,Napakiak,NAP-005,98.34,97.1,0.8,18.47,1.27,82.24,Green
2026-08-03,Napakiak,NAP-005,99.2,97.07,0.1,29.49,5.8,84.08,Green
2026-05-04,Napakiak,NAP-006,99.83,97.9,1.2,85.49,6.35,95.4,Green
2026-05-11,Napakiak,NAP-006,100.0,99.08,1.35,86.86,0.0,96.94,Green
2026-05-18,Napakiak,NAP-006,99.36,97.95,0.86,82.78,19.81,92.78,Green
2026-05-25,Napakiak,NAP-006,99.63,98.06,0.88,97.08,5.5,97.88,Green
2026-06-01,Napakiak,NAP-006,99.44,97.3,1.16,83.24,20.68,92.56,Green
2026-06-08,Napakiak,NAP-006,100.0,97.45,0.68,85.45,0.67,96.25,Green
2026-06-15,Napakiak,NAP-006,99.7,97.86,1.31,95.79,0.0,98.35,Green
2026-06-22,Napakiak,NAP-006,99.97,97.68,2.15,100.62,6.3,98.14,Green
2026-06-29,Napakiak,NAP-006,99.28,97.49,1.58,87.41,14.62,94.25,Green
2026-07-06,Napakiak,NAP-006,100.0,97.66,0.63,89.2,16.36,94.71,Green
2026-07-13,Napakiak,NAP-006,99.29,98.02,1.8,74.59,9.09,92.61,Green
2026-07-20,Napakiak,NAP-006,99.43,98.06,1.5,89.42,0.0,97.03,Green
2026-07-27,Napakiak,NAP-006,99.45,98.65,1.33,94.38,9.21,96.82,Green
2026-08-03,Napakiak,NAP-006,99.91,97.83,0.84,93.77,16.22,95.63,Green
2026-05-04,Napakiak,NAP-007,98.16,96.94,1.81,64.47,16.23,88.96,Green
2026-05-11,Napakiak,NAP-007,98.07,96.87,3.0,62.39,18.94,87.92,Green
2026-05-18,Napakiak,NAP-007,98.17,96.82,2.38,65.83,19.19,88.68,Green
2026-05-25,Napakiak,NAP-007,97.89,96.96,2.68,63.86,19.84,88.11,Green
2026-06-01,Napakiak,NAP-007,98.25,97.24,2.59,63.91,11.26,89.58,Green
2026-06-08,Napakiak,NAP-007,97.77,97.51,2.69,70.5,25.04,88.76,Green
2026-06-15,Napakiak,NAP-007,98.14,96.77,1.9,56.59,28.24,85.52,Green
2026-06-22,Napakiak,NAP-007,98.02,97.53,2.26,59.89,9.79,89.06,Green
2026-06-29,Napakiak,NAP-007,97.99,97.69,1.85,82.24,11.82,93.32,Green
2026-07-06,Napakiak,NAP-007,98.45,96.99,2.2,55.13,17.76,86.89,Green
2026-07-13,Napakiak,NAP-007,97.79,96.3,2.4,60.22,32.02,85.4,Green
2026-07-20,Napakiak,NAP-007,98.54,97.82,2.04,66.39,0.0,92.06,Green
2026-07-27,Napakiak,NAP-007,98.09,97.1,2.41,64.96,19.08,88.57,Green
2026-08-03,Napakiak,NAP-007,97.24,97.17,2.56,76.01,21.5,90.2,Green
2026-05-04,Napakiak,NAP-008,99.22,97.86,0.59,68.37,61.0,83.7,Green
2026-05-11,Napakiak,NAP-008,99.6,97.97,2.15,42.92,63.9,78.07,Green
2026-05-18,Napakiak,NAP-008,99.89,97.83,1.15,52.98,59.86,80.87,Green
2026-05-25,Napakiak,NAP-008,99.24,97.8,2.26,53.04,59.1,80.66,Green
2026-06-01,Napakiak,NAP-008,99.65,97.79,0.98,57.32,62.21,81.35,Green
2026-06-08,Napakiak,NAP-008,99.83,97.43,2.02,57.03,54.14,82.3,Green
2026-06-15,Napakiak,NAP-008,99.03,98.74,1.51,65.31,49.34,84.88,Green
2026-06-22,Napakiak,NAP-008,100.0,98.27,1.47,55.37,68.88,80.09,Green
2026-06-29,Napakiak,NAP-008,99.73,97.95,1.59,62.3,49.07,84.28,Green
2026-07-06,Napakiak,NAP-008,99.36,97.13,1.85,52.41,50.43,81.76,Green
2026-07-13,Napakiak,NAP-008,99.21,97.94,1.49,48.43,49.36,81.34,Green
2026-07-20,Napakiak,NAP-008,99.51,97.61,1.47,56.54,66.44,80.4,Green
2026-07-27,Napakiak,NAP-008,99.78,97.94,1.44,58.01,60.29,81.77,Green
2026-08-03,Napakiak,NAP-008,98.91,98.36,1.99,73.72,81.25,81.58,Green
2026-05-04,Napakiak,NAP-009,98.52,96.32,3.01,112.99,45.19,91.48,Green
2026-05-11,Napakiak,NAP-009,98.22,96.83,2.43,90.72,19.62,93.6,Green
2026-05-18,Napakiak,NAP-009,98.4,97.69,3.1,108.46,43.49,92.03,Green
2026-05-25,Napakiak,NAP-009,98.24,96.67,2.61,83.8,35.16,89.82,Green
2026-06-01,Napakiak,NAP-009,97.42,97.27,2.97,101.3,43.36,91.72,Green
2026-06-08,Napakiak,NAP-009,98.5,97.74,3.22,91.47,33.0,91.92,Green
2026-06-15,Napakiak,NAP-009,97.64,96.6,2.77,101.9,28.9,93.81,Green
2026-06-22,Napakiak,NAP-009,98.0,96.16,2.67,113.14,37.07,92.58,Green
2026-06-29,Napakiak,NAP-009,98.76,96.6,2.23,87.76,34.12,90.94,Green
2026-07-06,Napakiak,NAP-009,97.74,96.55,2.68,86.96,17.91,92.88,Green
2026-07-13,Napakiak,NAP-009,98.53,97.03,3.29,88.65,40.98,89.98,Green
2026-07-20,Napakiak,NAP-009,98.97,97.13,2.66,98.69,29.64,93.92,Green
2026-07-27,Napakiak,NAP-009,98.14,97.31,2.88,107.17,31.36,93.73,Green
2026-08-03,Napakiak,NAP-009,98.31,96.75,2.44,104.05,52.39,90.54,Green
2026-05-04,Napakiak,NAP-010,97.58,96.81,1.08,42.61,20.57,83.87,Green
2026-05-11,Napakiak,NAP-010,97.48,98.06,0.96,43.96,30.51,82.96,Green
2026-05-18,Napakiak,NAP-010,98.28,96.9,0.77,41.8,15.9,84.65,Green
2026-05-25,Napakiak,NAP-010,97.47,97.84,1.29,50.65,24.96,85.02,Green
2026-06-01,Napakiak,NAP-010,97.63,96.56,1.36,51.92,38.34,82.98,Green
2026-06-08,Napakiak,NAP-010,98.35,97.56,1.65,41.55,15.53,84.71,Green
2026-06-15,Napakiak,NAP-010,98.09,96.56,1.02,50.79,32.26,83.83,Green
2026-06-22,Napakiak,NAP-010,98.59,96.48,0.91,43.29,18.92,84.45,Green
2026-06-29,Napakiak,NAP-010,97.39,96.99,0.45,42.29,24.84,83.26,Green
2026-07-06,Napakiak,NAP-010,97.9,97.66,1.21,39.87,31.94,81.89,Green
2026-07-13,Napakiak,NAP-010,98.15,97.57,1.78,51.01,43.42,82.35,Green
2026-07-20,Napakiak,NAP-010,96.92,97.41,0.8,42.15,23.23,83.41,Green
2026-07-27,Napakiak,NAP-010,97.93,96.56,1.13,36.98,25.67,82.0,Green
2026-08-03,Napakiak,NAP-010,97.94,97.4,1.42,35.4,29.02,81.35,Green
2026-05-04,Kongiganak,KON-001,95.97,98.83,5.98,58.8,2.31,89.21,Green
2026-05-11,Kongiganak,KON-001,96.26,99.45,2.77,62.6,20.09,88.02,Green
2026-05-18,Kongiganak,KON-001,97.23,99.49,4.65,93.0,36.63,91.59,Green
2026-05-25,Kongiganak,KON-001,96.26,95.9,1.54,57.15,16.88,86.71,Green
2026-06-01,Kongiganak,KON-001,99.03,98.89,4.75,60.37,5.79,89.97,Green
2026-06-08,Kongiganak,KON-001,98.46,97.94,1.83,51.54,36.81,83.61,Green
2026-06-15,Kongiganak,KON-001,98.69,99.15,3.48,74.23,10.28,92.24,Green
2026-06-22,Kongiganak,KON-001,97.09,95.2,2.83,90.67,35.73,90.42,Green
2026-06-29,Kongiganak,KON-001,99.29,99.29,2.68,88.49,46.23,90.01,Green
2026-07-06,Kongiganak,KON-001,99.17,95.63,4.66,66.49,2.97,90.86,Green
2026-07-13,Kongiganak,KON-001,96.32,95.91,2.27,74.55,26.18,88.7,Green
2026-07-20,Kongiganak,KON-001,99.37,95.95,5.81,55.78,7.16,88.04,Green
2026-07-27,Kongiganak,KON-001,99.22,97.51,3.59,46.11,18.71,85.06,Green
2026-08-03,Kongiganak,KON-001,99.18,98.88,3.02,87.66,34.45,91.43,Green
2026-05-04,Kongiganak,KON-002,98.93,99.71,1.35,72.59,62.75,84.56,Green
2026-05-11,Kongiganak,KON-002,96.94,99.65,1.49,96.81,79.93,86.3,Green
2026-05-18,Kongiganak,KON-002,98.69,99.07,4.36,88.02,94.77,82.18,Green
2026-05-25,Kongiganak,KON-002,96.25,99.06,2.03,90.26,57.75,87.91,Green
2026-06-01,Kongiganak,KON-002,98.55,95.63,5.02,81.15,89.81,80.55,Green
2026-06-08,Kongiganak,KON-002,99.18,97.66,1.76,95.71,99.94,83.1,Green
2026-06-15,Kongiganak,KON-002,96.0,97.33,1.9,95.83,75.5,85.89,Green
2026-06-22,Kongiganak,KON-002,98.44,99.95,2.61,64.59,93.53,78.09,Green
2026-06-29,Kongiganak,KON-002,98.04,96.18,4.62,73.05,100.0,77.47,Green
2026-07-06,Kongiganak,KON-002,98.4,98.87,1.51,83.39,60.18,86.74,Green
2026-07-13,Kongiganak,KON-002,96.06,93.87,0.93,73.09,62.69,82.56,Green
2026-07-20,Kongiganak,KON-002,99.03,96.81,1.82,98.69,63.43,88.91,Green
2026-07-27,Kongiganak,KON-002,96.97,99.23,4.0,60.32,59.36,81.61,Green
2026-08-03,Kongiganak,KON-002,96.16,98.62,6.17,71.66,56.06,83.69,Green
2026-05-04,Kongiganak,KON-003,99.36,98.85,2.41,25.73,19.64,81.39,Green
2026-05-11,Kongiganak,KON-003,98.49,97.77,2.15,29.33,27.02,80.56,Green
2026-05-18,Kongiganak,KON-003,99.2,98.11,2.49,32.67,12.89,83.56,Green
2026-05-25,Kongiganak,KON-003,99.38,98.92,2.43,28.5,34.8,79.69,Green
2026-06-01,Kongiganak,KON-003,99.01,98.61,2.67,44.13,28.78,83.51,Green
2026-06-08,Kongiganak,KON-003,99.24,98.6,2.46,27.98,31.01,80.03,Green
2026-06-15,Kongiganak,KON-003,99.09,97.81,3.55,39.51,25.16,82.82,Green
2026-06-22,Kongiganak,KON-003,98.95,98.43,2.94,15.42,41.75,75.73,Green
2026-06-29,Kongiganak,KON-003,98.77,98.34,2.73,47.66,24.15,84.78,Green
2026-07-06,Kongiganak,KON-003,99.6,98.53,2.28,32.76,23.91,82.16,Green
2026-07-13,Kongiganak,KON-003,98.67,98.5,2.72,36.13,26.4,82.15,Green
2026-07-20,Kongiganak,KON-003,98.82,98.69,2.43,6.89,25.88,76.51,Green
2026-07-27,Kongiganak,KON-003,98.85,98.52,3.61,47.91,23.53,84.85,Green
2026-08-03,Kongiganak,KON-003,98.76,98.61,2.54,34.82,19.57,82.99,Green
2026-05-04,Kongiganak,KON-004,98.01,97.93,1.38,100.24,17.42,96.17,Green
2026-05-11,Kongiganak,KON-004,97.37,98.59,0.88,88.82,21.15,93.45,Green
2026-05-18,Kongiganak,KON-004,98.21,98.38,1.27,97.96,19.42,95.63,Green
2026-05-25,Kongiganak,KON-004,97.96,98.85,1.11,65.86,12.48,90.34,Green
2026-06-01,Kongiganak,KON-004,98.16,98.35,1.11,101.39,18.21,96.23,Green
2026-06-08,Kongiganak,KON-004,97.0,97.69,1.45,91.52,30.66,92.16,Green
2026-06-15,Kongiganak,KON-004,97.48,98.23,0.86,87.89,3.89,95.79,Green
2026-06-22,Kongiganak,KON-004,97.6,98.35,1.2,109.25,33.69,93.75,Green
2026-06-29,Kongiganak,KON-004,97.47,97.45,1.22,95.07,12.14,95.74,Green
2026-07-06,Kongiganak,KON-004,97.45,99.08,1.15,97.36,11.58,96.7,Green
2026-07-13,Kongiganak,KON-004,97.71,98.22,0.96,101.3,7.91,97.65,Green
2026-07-20,Kongiganak,KON-004,97.84,98.21,1.45,89.33,25.96,92.77,Green
2026-07-27,Kongiganak,KON-004,97.4,98.89,1.25,81.43,24.46,91.5,Green
2026-08-03,Kongiganak,KON-004,97.66,97.6,1.41,100.11,29.28,94.21,Green
2026-05-04,Kongiganak,KON-005,98.49,95.84,3.28,21.97,13.31,80.49,Green
2026-05-11,Kongiganak,KON-005,98.26,94.58,2.33,30.3,33.01,78.97,Green
2026-05-18,Kongiganak,KON-005,97.41,95.82,4.27,5.0,44.72,71.96,Yellow
2026-05-25,Kongiganak,KON-005,97.54,94.78,2.22,26.9,40.97,76.98,Green
2026-06-01,Kongiganak,KON-005,98.25,97.73,2.66,34.3,8.08,84.24,Green
2026-06-08,Kongiganak,KON-005,98.41,96.95,2.84,11.56,2.06,80.42,Green
2026-06-15,Kongiganak,KON-005,97.14,96.86,3.39,21.28,21.72,78.99,Green
2026-06-22,Kongiganak,KON-005,99.99,97.06,2.71,5.0,13.51,77.83,Green
2026-06-29,Kongiganak,KON-005,100.0,97.46,2.16,22.23,2.71,83.08,Green
2026-07-06,Kongiganak,KON-005,99.9,95.25,3.93,46.58,18.98,84.67,Green
2026-07-13,Kongiganak,KON-005,99.65,93.25,2.12,21.69,0.68,82.14,Green
2026-07-20,Kongiganak,KON-005,98.13,95.99,2.58,33.33,8.17,83.58,Green
2026-07-27,Kongiganak,KON-005,99.45,97.6,2.33,9.13,10.83,79.11,Green
2026-08-03,Kongiganak,KON-005,99.88,97.0,5.36,23.61,13.05,81.18,Green
2026-05-04,Kongiganak,KON-006,97.95,98.0,1.85,92.57,31.22,92.54,Green
2026-05-11,Kongiganak,KON-006,98.94,97.5,1.75,95.29,45.84,91.03,Green
2026-05-18,Kongiganak,KON-006,97.63,97.91,1.67,98.28,21.45,95.07,Green
2026-05-25,Kongiganak,KON-006,98.35,97.92,3.12,100.21,19.92,95.61,Green
2026-06-01,Kongiganak,KON-006,98.22,97.4,0.91,91.11,32.57,92.1,Green
2026-06-08,Kongiganak,KON-006,97.92,98.07,1.94,87.87,25.57,92.45,Green
2026-06-15,Kongiganak,KON-006,98.92,97.93,1.72,91.85,27.32,93.23,Green
2026-06-22,Kongiganak,KON-006,98.19,96.65,2.64,94.99,29.89,92.83,Green
2026-06-29,Kongiganak,KON-006,98.34,97.27,1.64,80.95,44.92,88.11,Green
2026-07-06,Kongiganak,KON-006,97.93,97.14,1.52,104.05,26.82,94.52,Green
2026-07-13,Kongiganak,KON-006,97.93,98.17,2.05,98.06,32.43,93.46,Green
2026-07-20,Kongiganak,KON-006,99.2,98.59,1.41,106.74,29.77,94.77,Green
2026-07-27,Kongiganak,KON-006,98.54,96.84,1.64,87.25,33.33,91.05,Green
2026-08-03,Kongiganak,KON-006,98.74,96.67,1.71,102.72,25.21,94.81,Green
2026-05-04,Kongiganak,KON-007,98.65,98.64,1.17,99.39,7.48,97.9,Green
2026-05-11,Kongiganak,KON-007,98.93,99.01,1.32,96.55,0.0,98.6,Green
2026-05-18,Kongiganak,KON-007,99.33,99.06,0.86,112.1,8.42,98.2,Green
2026-05-25,Kongiganak,KON-007,99.17,98.62,0.75,104.11,0.0,99.34,Green
2026-06-01,Kongiganak,KON-007,99.14,99.19,0.87,107.53,11.26,97.76,Green
2026-06-08,Kongiganak,KON-007,99.59,98.7,0.91,99.91,0.03,99.41,Green
2026-06-15,Kongiganak,KON-007,99.41,100.0,0.84,103.28,9.26,98.34,Green
2026-06-22,Kongiganak,KON-007,98.82,98.33,0.53,88.1,22.22,93.5,Green
2026-06-29,Kongiganak,KON-007,99.03,98.99,1.25,90.26,2.45,97.0,Green
2026-07-06,Kongiganak,KON-007,99.1,99.61,1.08,101.22,9.21,98.13,Green
2026-07-13,Kongiganak,KON-007,99.21,99.24,0.39,99.6,0.0,99.48,Green
2026-07-20,Kongiganak,KON-007,99.1,98.93,1.99,98.92,0.0,98.99,Green
2026-07-27,Kongiganak,KON-007,99.03,99.38,1.6,94.52,0.0,98.27,Green
2026-08-03,Kongiganak,KON-007,99.36,98.53,0.65,97.17,8.03,97.6,Green
